timestamp,latitude,longitude,field_id,macro_methane_5km,downscaled_methane_10m,ndvi_proxy,lst_proxy,soil_moisture_proxy,stac_item_id,source_cloud
2018-04-30T21:28:39+00:00,38.548,-121.878,Field-A,1830.9578857421875,1831.228271484375,0.6534849857112658,19.44150876639454,0.3648469932681099,S5P_L2_CH4____20180430T203707_20180430T222021_02830,Microsoft PC
2018-04-30T21:28:39+00:00,38.548100000000005,-121.878,Field-B,1830.9578857421875,1831.78271484375,0.11452877047424584,12.284924183210485,0.13334029417096505,S5P_L2_CH4____20180430T203707_20180430T222021_02830,Microsoft PC
2018-04-30T21:28:39+00:00,38.5482,-121.878,Field-C,1830.9578857421875,1829.91015625,0.6090276540551312,37.13297894729821,0.1430756041496898,S5P_L2_CH4____20180430T203707_20180430T222021_02830,Microsoft PC
2018-04-30T21:28:39+00:00,38.548300000000005,-121.878,Field-D,1830.9578857421875,1830.8121337890625,0.3157063329116086,25.28821511189996,0.3278005325604053,S5P_L2_CH4____20180430T203707_20180430T222021_02830,Microsoft PC
2018-04-30T21:28:39+00:00,38.5484,-121.878,Field-A,1830.9578857421875,1831.955322265625,0.4626207980465157,11.709580328714841,0.1665713097139234,S5P_L2_CH4____20180430T203707_20180430T222021_02830,Microsoft PC
2018-04-30T21:28:39+00:00,38.548500000000004,-121.878,Field-B,1830.9578857421875,1831.051025390625,0.4330556691478663,22.041237965755617,0.26800168022818516,S5P_L2_CH4____20180430T203707_20180430T222021_02830,Microsoft PC
2018-04-30T21:28:39+00:00,38.5486,-121.878,Field-C,1830.9578857421875,1830.9407958984375,0.36635083129961044,22.659858033941468,0.37647365448115877,S5P_L2_CH4____20180430T203707_20180430T222021_02830,Microsoft PC
2018-04-30T21:28:39+00:00,38.548700000000004,-121.878,Field-D,1830.9578857421875,1829.9866943359375,0.37819432183438606,36.63462081912709,0.20417009935913613,S5P_L2_CH4____20180430T203707_20180430T222021_02830,Microsoft PC
2018-04-30T21:28:39+00:00,38.5488,-121.878,Field-A,1830.9578857421875,1830.9415283203125,0.7998413191363619,23.279577761302264,0.3717015085463097,S5P_L2_CH4____20180430T203707_20180430T222021_02830,Microsoft PC
2018-04-30T21:28:39+00:00,38.5489,-121.878,Field-B,1830.9578857421875,1831.4610595703125,0.47262582902307937,19.86308942719951,0.19463374237718112,S5P_L2_CH4____20180430T203707_20180430T222021_02830,Microsoft PC
2018-04-30T21:28:39+00:00,38.549,-121.878,Field-C,1830.9578857421875,1830.06005859375,0.35504996974997804,34.95795696414109,0.31859872790972454,S5P_L2_CH4____20180430T203707_20180430T222021_02830,Microsoft PC
2018-04-30T21:28:39+00:00,38.5491,-121.878,Field-D,1830.9578857421875,1830.205810546875,0.15568604628806654,33.192920604264685,0.3069389707663803,S5P_L2_CH4____20180430T203707_20180430T222021_02830,Microsoft PC
2018-04-30T21:28:39+00:00,38.5492,-121.878,Field-A,1830.9578857421875,1830.6629638671875,0.43348043895483523,32.660667055720594,0.10968571465869563,S5P_L2_CH4____20180430T203707_20180430T222021_02830,Microsoft PC
2018-04-30T21:28:39+00:00,38.5493,-121.878,Field-B,1830.9578857421875,1831.8172607421875,0.31468059440415264,14.533600235313497,0.30981537665532255,S5P_L2_CH4____20180430T203707_20180430T222021_02830,Microsoft PC
2018-04-30T21:28:39+00:00,38.5494,-121.878,Field-C,1830.9578857421875,1830.51171875,0.47332261097588046,32.610190868371674,0.2741119702130891,S5P_L2_CH4____20180430T203707_20180430T222021_02830,Microsoft PC
2018-04-30T21:28:39+00:00,38.5495,-121.878,Field-D,1830.9578857421875,1830.762451171875,0.3348504826496137,29.27863873324807,0.22626181009408136,S5P_L2_CH4____20180430T203707_20180430T222021_02830,Microsoft PC
2018-04-30T21:28:39+00:00,38.549600000000005,-121.878,Field-A,1830.9578857421875,1831.6334228515625,0.49216938064696525,12.283203266238512,0.23188952150515607,S5P_L2_CH4____20180430T203707_20180430T222021_02830,Microsoft PC
2018-04-30T21:28:39+00:00,38.5497,-121.878,Field-B,1830.9578857421875,1830.7464599609375,0.5460912110520286,26.36816870262806,0.1530903667737395,S5P_L2_CH4____20180430T203707_20180430T222021_02830,Microsoft PC
2018-04-30T21:28:39+00:00,38.549800000000005,-121.878,Field-C,1830.9578857421875,1831.2716064453125,0.7507649623530152,20.0339532816407,0.3815200632258884,S5P_L2_CH4____20180430T203707_20180430T222021_02830,Microsoft PC
2018-04-30T21:28:39+00:00,38.5499,-121.878,Field-D,1830.9578857421875,1831.137939453125,0.7767328805089277,20.600485251279178,0.1935394152485745,S5P_L2_CH4____20180430T203707_20180430T222021_02830,Microsoft PC
2018-04-30T21:28:39+00:00,38.550000000000004,-121.878,Field-A,1830.9578857421875,1830.579345703125,0.31739618185989876,28.40729080894059,0.39182380153625396,S5P_L2_CH4____20180430T203707_20180430T222021_02830,Microsoft PC
2018-04-30T21:28:39+00:00,38.5501,-121.878,Field-B,1830.9578857421875,1830.1051025390625,0.426546374151924,37.409472698926365,0.3890800013584377,S5P_L2_CH4____20180430T203707_20180430T222021_02830,Microsoft PC
2018-04-30T21:28:39+00:00,38.550200000000004,-121.878,Field-C,1830.9578857421875,1831.72607421875,0.5202046857507454,12.544818170934732,0.18253375551974874,S5P_L2_CH4____20180430T203707_20180430T222021_02830,Microsoft PC
2018-04-30T21:28:39+00:00,38.5503,-121.878,Field-D,1830.9578857421875,1830.1409912109375,0.3040818429315736,39.570711460676236,0.20289952250087856,S5P_L2_CH4____20180430T203707_20180430T222021_02830,Microsoft PC
2018-04-30T21:28:39+00:00,38.5504,-121.878,Field-A,1830.9578857421875,1831.251953125,0.4227321420435799,19.359053203505745,0.2335051144580997,S5P_L2_CH4____20180430T203707_20180430T222021_02830,Microsoft PC
2018-04-30T21:28:39+00:00,38.5505,-121.878,Field-B,1830.9578857421875,1830.447265625,0.6696080480278651,30.53047594139444,0.1870101654819566,S5P_L2_CH4____20180430T203707_20180430T222021_02830,Microsoft PC
2018-04-30T21:28:39+00:00,38.5506,-121.878,Field-C,1830.9578857421875,1829.936767578125,0.7884682350356335,38.35467044304204,0.27042106013470485,S5P_L2_CH4____20180430T203707_20180430T222021_02830,Microsoft PC
2018-04-30T21:28:39+00:00,38.5507,-121.878,Field-D,1830.9578857421875,1831.4752197265625,0.2153655192107062,15.338244656684973,0.24336341354691193,S5P_L2_CH4____20180430T203707_20180430T222021_02830,Microsoft PC
2018-04-30T21:28:39+00:00,38.5508,-121.878,Field-A,1830.9578857421875,1830.1639404296875,0.14042318932614295,33.9357312178926,0.24487030253074485,S5P_L2_CH4____20180430T203707_20180430T222021_02830,Microsoft PC
2018-04-30T21:28:39+00:00,38.5509,-121.878,Field-B,1830.9578857421875,1830.920166015625,0.27262702974407294,27.04563532063715,0.17400532772131094,S5P_L2_CH4____20180430T203707_20180430T222021_02830,Microsoft PC
2018-04-30T21:28:39+00:00,38.551,-121.878,Field-C,1830.9578857421875,1829.9295654296875,0.44948350797334846,39.06363852450234,0.3504940762151484,S5P_L2_CH4____20180430T203707_20180430T222021_02830,Microsoft PC
2018-04-30T21:28:39+00:00,38.551100000000005,-121.878,Field-D,1830.9578857421875,1831.284912109375,0.5136433789714692,21.449200295592277,0.1287117786554866,S5P_L2_CH4____20180430T203707_20180430T222021_02830,Microsoft PC
2018-04-30T21:28:39+00:00,38.5512,-121.878,Field-A,1830.9578857421875,1831.655517578125,0.7985614323880836,11.391587602433674,0.33770267346803784,S5P_L2_CH4____20180430T203707_20180430T222021_02830,Microsoft PC
2018-04-30T21:28:39+00:00,38.551300000000005,-121.878,Field-B,1830.9578857421875,1831.00830078125,0.7435250969725199,20.423011365793148,0.3847140396431643,S5P_L2_CH4____20180430T203707_20180430T222021_02830,Microsoft PC
2018-04-30T21:28:39+00:00,38.5514,-121.878,Field-C,1830.9578857421875,1831.5987548828125,0.6637115897810578,16.657800493328587,0.1918677096209921,S5P_L2_CH4____20180430T203707_20180430T222021_02830,Microsoft PC
2018-04-30T21:28:39+00:00,38.551500000000004,-121.878,Field-D,1830.9578857421875,1831.52490234375,0.7989064475675755,16.329220497209796,0.12830654746551182,S5P_L2_CH4____20180430T203707_20180430T222021_02830,Microsoft PC
2018-04-30T21:28:39+00:00,38.5516,-121.878,Field-A,1830.9578857421875,1831.8304443359375,0.33285948470737214,10.103767120384731,0.3842922609887145,S5P_L2_CH4____20180430T203707_20180430T222021_02830,Microsoft PC
2018-04-30T21:28:39+00:00,38.551700000000004,-121.878,Field-B,1830.9578857421875,1830.3717041015625,0.38867416925780707,37.440601603736894,0.23673154473717267,S5P_L2_CH4____20180430T203707_20180430T222021_02830,Microsoft PC
2018-04-30T21:28:39+00:00,38.5518,-121.878,Field-C,1830.9578857421875,1830.728759765625,0.21268296769809575,29.993664108275425,0.18466558931083016,S5P_L2_CH4____20180430T203707_20180430T222021_02830,Microsoft PC
2018-04-30T21:28:39+00:00,38.5519,-121.878,Field-D,1830.9578857421875,1830.4029541015625,0.37846859680656353,37.44468650529713,0.1416892420092876,S5P_L2_CH4____20180430T203707_20180430T222021_02830,Microsoft PC
2018-04-30T21:28:39+00:00,38.552,-121.878,Field-A,1830.9578857421875,1831.809814453125,0.6536151302619312,14.704819191167935,0.36353845443073207,S5P_L2_CH4____20180430T203707_20180430T222021_02830,Microsoft PC
2018-04-30T21:28:39+00:00,38.5521,-121.878,Field-B,1830.9578857421875,1831.50927734375,0.18361161264539455,14.554222710308764,0.167160294966509,S5P_L2_CH4____20180430T203707_20180430T222021_02830,Microsoft PC
2018-04-30T21:28:39+00:00,38.5522,-121.878,Field-C,1830.9578857421875,1831.3272705078125,0.46591790546013245,20.018067745456005,0.3758846697753616,S5P_L2_CH4____20180430T203707_20180430T222021_02830,Microsoft PC
2018-04-30T21:28:39+00:00,38.5523,-121.878,Field-D,1830.9578857421875,1830.1212158203125,0.5383613262374239,38.86959675975221,0.19981192942504056,S5P_L2_CH4____20180430T203707_20180430T222021_02830,Microsoft PC
2018-04-30T21:28:39+00:00,38.5524,-121.878,Field-A,1830.9578857421875,1832.01953125,0.3000620081908556,10.98176421356029,0.183397795332435,S5P_L2_CH4____20180430T203707_20180430T222021_02830,Microsoft PC
2018-04-30T21:28:39+00:00,38.5525,-121.878,Field-B,1830.9578857421875,1831.9117431640625,0.34680762337548254,11.42193354281713,0.2594925626999961,S5P_L2_CH4____20180430T203707_20180430T222021_02830,Microsoft PC
2018-04-30T21:28:39+00:00,38.552600000000005,-121.878,Field-C,1830.9578857421875,1832.0760498046875,0.17696142738756782,12.584180636023884,0.2310189264658427,S5P_L2_CH4____20180430T203707_20180430T222021_02830,Microsoft PC
2018-04-30T21:28:39+00:00,38.5527,-121.878,Field-D,1830.9578857421875,1831.0753173828125,0.16817245659192395,23.283940754679996,0.33483837294850016,S5P_L2_CH4____20180430T203707_20180430T222021_02830,Microsoft PC
2018-04-30T21:28:39+00:00,38.552800000000005,-121.878,Field-A,1830.9578857421875,1831.012939453125,0.20591264121136632,21.90985667550052,0.2350782276477104,S5P_L2_CH4____20180430T203707_20180430T222021_02830,Microsoft PC
2018-04-30T21:28:39+00:00,38.5529,-121.878,Field-B,1830.9578857421875,1831.77099609375,0.27409015353553645,11.037244532303594,0.19165304374176334,S5P_L2_CH4____20180430T203707_20180430T222021_02830,Microsoft PC
2018-04-30T21:28:39+00:00,38.553000000000004,-121.878,Field-C,1830.9578857421875,1831.2718505859375,0.49062453942572515,18.06358339545949,0.2858503811231416,S5P_L2_CH4____20180430T203707_20180430T222021_02830,Microsoft PC
2018-04-30T21:28:39+00:00,38.5531,-121.878,Field-D,1830.9578857421875,1830.190185546875,0.7427259892696744,35.96447832927777,0.3311937158626054,S5P_L2_CH4____20180430T203707_20180430T222021_02830,Microsoft PC
2018-04-30T21:28:39+00:00,38.553200000000004,-121.878,Field-A,1830.9578857421875,1831.5714111328125,0.6130110240242121,16.817111406754968,0.3387855633303234,S5P_L2_CH4____20180430T203707_20180430T222021_02830,Microsoft PC
2018-04-30T21:28:39+00:00,38.5533,-121.878,Field-B,1830.9578857421875,1829.908935546875,0.3470142099568764,38.74132203505052,0.13665980069469594,S5P_L2_CH4____20180430T203707_20180430T222021_02830,Microsoft PC
2018-04-30T21:28:39+00:00,38.5534,-121.878,Field-C,1830.9578857421875,1830.306640625,0.24328918383575954,33.14094547739245,0.1439360879816941,S5P_L2_CH4____20180430T203707_20180430T222021_02830,Microsoft PC
2018-04-30T21:28:39+00:00,38.5535,-121.878,Field-D,1830.9578857421875,1830.385498046875,0.17138433654911,31.08232718321795,0.354785515883269,S5P_L2_CH4____20180430T203707_20180430T222021_02830,Microsoft PC
2018-04-30T21:28:39+00:00,38.5536,-121.878,Field-A,1830.9578857421875,1831.969970703125,0.44659389031736785,10.25596237424809,0.12427310039926019,S5P_L2_CH4____20180430T203707_20180430T222021_02830,Microsoft PC
2018-04-30T21:28:39+00:00,38.5537,-121.878,Field-B,1830.9578857421875,1831.3861083984375,0.30091387955159243,17.3440005107558,0.16117780005404875,S5P_L2_CH4____20180430T203707_20180430T222021_02830,Microsoft PC
2018-04-30T21:28:39+00:00,38.5538,-121.878,Field-C,1830.9578857421875,1830.2247314453125,0.2771959301487851,35.627677828967634,0.30313871451036506,S5P_L2_CH4____20180430T203707_20180430T222021_02830,Microsoft PC
2018-04-30T21:28:39+00:00,38.5539,-121.878,Field-D,1830.9578857421875,1830.8209228515625,0.7185076824770856,23.814270642293614,0.1174457965116769,S5P_L2_CH4____20180430T203707_20180430T222021_02830,Microsoft PC
2018-04-30T21:28:39+00:00,38.554,-121.878,Field-A,1830.9578857421875,1830.568603515625,0.3498588351768094,28.90157755044372,0.3972941041522111,S5P_L2_CH4____20180430T203707_20180430T222021_02830,Microsoft PC
2018-04-30T21:28:39+00:00,38.554100000000005,-121.878,Field-B,1830.9578857421875,1830.7933349609375,0.4675082354244722,30.52238381121383,0.20317926678131146,S5P_L2_CH4____20180430T203707_20180430T222021_02830,Microsoft PC
2018-04-30T21:28:39+00:00,38.5542,-121.878,Field-C,1830.9578857421875,1831.379150390625,0.24938778561253497,15.441880725076853,0.15599483501062142,S5P_L2_CH4____20180430T203707_20180430T222021_02830,Microsoft PC
2018-04-30T21:28:39+00:00,38.554300000000005,-121.878,Field-D,1830.9578857421875,1831.5999755859375,0.37633770242690556,14.408544354463782,0.189506783719349,S5P_L2_CH4____20180430T203707_20180430T222021_02830,Microsoft PC
2018-04-30T21:28:39+00:00,38.5544,-121.878,Field-A,1830.9578857421875,1830.6455078125,0.19176502745794222,31.44772438559635,0.3455776314951039,S5P_L2_CH4____20180430T203707_20180430T222021_02830,Microsoft PC
2018-04-30T21:28:39+00:00,38.554500000000004,-121.878,Field-B,1830.9578857421875,1831.9853515625,0.4927001615427188,12.556563992228597,0.28549214937426654,S5P_L2_CH4____20180430T203707_20180430T222021_02830,Microsoft PC
2018-04-30T21:28:39+00:00,38.5546,-121.878,Field-C,1830.9578857421875,1831.1064453125,0.4491555957022827,24.238211513679236,0.14475536378995585,S5P_L2_CH4____20180430T203707_20180430T222021_02830,Microsoft PC
2018-04-30T21:28:39+00:00,38.554700000000004,-121.878,Field-D,1830.9578857421875,1831.3441162109375,0.593900495898148,21.685505223304872,0.3584043559339245,S5P_L2_CH4____20180430T203707_20180430T222021_02830,Microsoft PC
2018-04-30T21:28:39+00:00,38.5548,-121.878,Field-A,1830.9578857421875,1831.6593017578125,0.3616252542548263,14.48266152221244,0.15735005069779276,S5P_L2_CH4____20180430T203707_20180430T222021_02830,Microsoft PC
2018-04-30T21:28:39+00:00,38.5549,-121.878,Field-B,1830.9578857421875,1831.5233154296875,0.7519597984289302,15.030329149996412,0.3406863735914415,S5P_L2_CH4____20180430T203707_20180430T222021_02830,Microsoft PC
2018-04-30T21:28:39+00:00,38.555,-121.878,Field-C,1830.9578857421875,1830.9437255859375,0.7455614801808198,22.165161803737256,0.37343041668715526,S5P_L2_CH4____20180430T203707_20180430T222021_02830,Microsoft PC
2018-04-30T21:28:39+00:00,38.5551,-121.878,Field-D,1830.9578857421875,1830.6048583984375,0.23083711185486708,29.739235518044648,0.3944383081672419,S5P_L2_CH4____20180430T203707_20180430T222021_02830,Microsoft PC
2018-04-30T21:28:39+00:00,38.5552,-121.878,Field-A,1830.9578857421875,1831.2564697265625,0.31413325407932846,17.526855610965654,0.3052089021878861,S5P_L2_CH4____20180430T203707_20180430T222021_02830,Microsoft PC
2018-04-30T21:28:39+00:00,38.5553,-121.878,Field-B,1830.9578857421875,1831.83984375,0.5600641576328421,11.09530777354763,0.33578569340537034,S5P_L2_CH4____20180430T203707_20180430T222021_02830,Microsoft PC
2018-04-30T21:28:39+00:00,38.5554,-121.878,Field-C,1830.9578857421875,1830.9615478515625,0.4711622713917559,22.966140827165397,0.11390476311029685,S5P_L2_CH4____20180430T203707_20180430T222021_02830,Microsoft PC
2018-04-30T21:28:39+00:00,38.5555,-121.878,Field-D,1830.9578857421875,1830.7021484375,0.44670795487557535,28.33163974444228,0.32973296542377617,S5P_L2_CH4____20180430T203707_20180430T222021_02830,Microsoft PC
2018-04-30T21:28:39+00:00,38.5556,-121.878,Field-A,1830.9578857421875,1831.10302734375,0.5071586392467349,23.653406304014887,0.36350646445852397,S5P_L2_CH4____20180430T203707_20180430T222021_02830,Microsoft PC
2018-04-30T21:28:39+00:00,38.5557,-121.878,Field-B,1830.9578857421875,1830.9952392578125,0.6607746337721708,24.287079452438423,0.2662719071364396,S5P_L2_CH4____20180430T203707_20180430T222021_02830,Microsoft PC
2018-04-30T21:28:39+00:00,38.555800000000005,-121.878,Field-C,1830.9578857421875,1830.32861328125,0.2717916179315889,38.99911858219488,0.25653837349482067,S5P_L2_CH4____20180430T203707_20180430T222021_02830,Microsoft PC
2018-04-30T21:28:39+00:00,38.5559,-121.878,Field-D,1830.9578857421875,1831.6728515625,0.37449979708800085,16.545234056647985,0.3021769541165493,S5P_L2_CH4____20180430T203707_20180430T222021_02830,Microsoft PC
2018-04-30T21:28:39+00:00,38.556000000000004,-121.878,Field-A,1830.9578857421875,1831.7437744140625,0.15403355250877235,11.562254211465815,0.16545121779657362,S5P_L2_CH4____20180430T203707_20180430T222021_02830,Microsoft PC
2018-04-30T21:28:39+00:00,38.5561,-121.878,Field-B,1830.9578857421875,1830.7821044921875,0.7804991036362032,25.141893052811003,0.30173321455451796,S5P_L2_CH4____20180430T203707_20180430T222021_02830,Microsoft PC
2018-04-30T21:28:39+00:00,38.556200000000004,-121.878,Field-C,1830.9578857421875,1831.4783935546875,0.6418847528158355,14.471848921245074,0.2640467196926086,S5P_L2_CH4____20180430T203707_20180430T222021_02830,Microsoft PC
2018-04-30T21:28:39+00:00,38.5563,-121.878,Field-D,1830.9578857421875,1829.836669921875,0.6682931409176275,38.2739343205773,0.11314262329605024,S5P_L2_CH4____20180430T203707_20180430T222021_02830,Microsoft PC
2018-04-30T21:28:39+00:00,38.556400000000004,-121.878,Field-A,1830.9578857421875,1832.03173828125,0.27235421346185207,11.203393639071233,0.15560274306188512,S5P_L2_CH4____20180430T203707_20180430T222021_02830,Microsoft PC
2018-04-30T21:28:39+00:00,38.5565,-121.878,Field-B,1830.9578857421875,1831.5687255859375,0.3382425192874545,12.897051552460544,0.16909300964189772,S5P_L2_CH4____20180430T203707_20180430T222021_02830,Microsoft PC
2018-04-30T21:28:39+00:00,38.5566,-121.878,Field-C,1830.9578857421875,1830.9517822265625,0.6202378010924833,27.21071096640997,0.2985900279070135,S5P_L2_CH4____20180430T203707_20180430T222021_02830,Microsoft PC
2018-04-30T21:28:39+00:00,38.5567,-121.878,Field-D,1830.9578857421875,1831.8531494140625,0.47464920426456336,14.69212834648232,0.17701872722561351,S5P_L2_CH4____20180430T203707_20180430T222021_02830,Microsoft PC
2018-04-30T21:28:39+00:00,38.5568,-121.878,Field-A,1830.9578857421875,1831.59912109375,0.47251914602275913,13.068775263666815,0.14782966663879346,S5P_L2_CH4____20180430T203707_20180430T222021_02830,Microsoft PC
2018-04-30T21:28:39+00:00,38.5569,-121.878,Field-B,1830.9578857421875,1830.38623046875,0.6852225526092041,31.44598357853737,0.35835690338486004,S5P_L2_CH4____20180430T203707_20180430T222021_02830,Microsoft PC
2018-04-30T21:28:39+00:00,38.557,-121.878,Field-C,1830.9578857421875,1830.2874755859375,0.7979081442246279,34.77371395971376,0.37020234182668044,S5P_L2_CH4____20180430T203707_20180430T222021_02830,Microsoft PC
2018-04-30T21:28:39+00:00,38.5571,-121.878,Field-D,1830.9578857421875,1830.67919921875,0.5810379534838168,31.393973188203738,0.14188356003260705,S5P_L2_CH4____20180430T203707_20180430T222021_02830,Microsoft PC
2018-04-30T21:28:39+00:00,38.5572,-121.878,Field-A,1830.9578857421875,1829.989013671875,0.5303682693292634,37.71885424353399,0.3452192341121817,S5P_L2_CH4____20180430T203707_20180430T222021_02830,Microsoft PC
2018-04-30T21:28:39+00:00,38.557300000000005,-121.878,Field-B,1830.9578857421875,1830.7293701171875,0.4197472843022051,29.859623127690487,0.3365259132339629,S5P_L2_CH4____20180430T203707_20180430T222021_02830,Microsoft PC
2018-04-30T21:28:39+00:00,38.5574,-121.878,Field-C,1830.9578857421875,1830.8209228515625,0.5507530200965451,27.387217665628683,0.10836966161328157,S5P_L2_CH4____20180430T203707_20180430T222021_02830,Microsoft PC
2018-04-30T21:28:39+00:00,38.557500000000005,-121.878,Field-D,1830.9578857421875,1830.406494140625,0.44277682138450136,32.212774396680544,0.33254043969105784,S5P_L2_CH4____20180430T203707_20180430T222021_02830,Microsoft PC
2018-04-30T21:28:39+00:00,38.5576,-121.878,Field-A,1830.9578857421875,1831.7578125,0.16109592741402443,11.805502200275793,0.3769832928583572,S5P_L2_CH4____20180430T203707_20180430T222021_02830,Microsoft PC
2018-04-30T21:28:39+00:00,38.557700000000004,-121.878,Field-B,1830.9578857421875,1831.7130126953125,0.2956333108535867,12.525469719361965,0.10506911261240677,S5P_L2_CH4____20180430T203707_20180430T222021_02830,Microsoft PC
2018-04-30T21:28:39+00:00,38.5578,-121.878,Field-C,1830.9578857421875,1830.1510009765625,0.14217935961993877,34.199445853436856,0.34359907889953345,S5P_L2_CH4____20180430T203707_20180430T222021_02830,Microsoft PC
2018-04-30T21:28:39+00:00,38.557900000000004,-121.878,Field-D,1830.9578857421875,1830.4129638671875,0.42249181021860505,32.24756784708269,0.12316268136232036,S5P_L2_CH4____20180430T203707_20180430T222021_02830,Microsoft PC
2018-04-30T21:28:39+00:00,38.558,-121.878,Field-A,1830.9578857421875,1831.635009765625,0.7822619992110108,15.107095646233248,0.23233800517752085,S5P_L2_CH4____20180430T203707_20180430T222021_02830,Microsoft PC
2018-04-30T21:28:39+00:00,38.5581,-121.878,Field-B,1830.9578857421875,1830.1976318359375,0.3131201654846816,36.16254071489508,0.302123107241238,S5P_L2_CH4____20180430T203707_20180430T222021_02830,Microsoft PC
2018-04-30T21:28:39+00:00,38.5582,-121.878,Field-C,1830.9578857421875,1830.6595458984375,0.7233706580269399,26.21338042327201,0.36171528941583375,S5P_L2_CH4____20180430T203707_20180430T222021_02830,Microsoft PC
2018-04-30T21:28:39+00:00,38.5583,-121.878,Field-D,1830.9578857421875,1830.598388671875,0.5237370876545174,27.773493186132395,0.32879979876444443,S5P_L2_CH4____20180430T203707_20180430T222021_02830,Microsoft PC
2018-04-30T21:28:39+00:00,38.5584,-121.878,Field-A,1830.9578857421875,1830.9415283203125,0.7960252042483397,24.791161173114595,0.2951191791035274,S5P_L2_CH4____20180430T203707_20180430T222021_02830,Microsoft PC
2018-04-30T21:28:39+00:00,38.5585,-121.878,Field-B,1830.9578857421875,1831.3011474609375,0.44721375937313834,18.178084987070925,0.13469337039387724,S5P_L2_CH4____20180430T203707_20180430T222021_02830,Microsoft PC
2018-04-30T21:28:39+00:00,38.5586,-121.878,Field-C,1830.9578857421875,1831.3004150390625,0.29386480797218145,22.125448428041018,0.31450367323494577,S5P_L2_CH4____20180430T203707_20180430T222021_02830,Microsoft PC
2018-04-30T21:28:39+00:00,38.5587,-121.878,Field-D,1830.9578857421875,1830.5682373046875,0.39980432769078833,34.435409261156806,0.22670150459826563,S5P_L2_CH4____20180430T203707_20180430T222021_02830,Microsoft PC
2018-04-30T21:28:39+00:00,38.558800000000005,-121.878,Field-A,1830.9578857421875,1830.8050537109375,0.1932225618722458,27.890501675761787,0.16861360218232913,S5P_L2_CH4____20180430T203707_20180430T222021_02830,Microsoft PC
2018-04-30T21:28:39+00:00,38.5589,-121.878,Field-B,1830.9578857421875,1830.380859375,0.7676124667882627,35.190853527170745,0.3634478920133112,S5P_L2_CH4____20180430T203707_20180430T222021_02830,Microsoft PC
2018-04-30T21:28:39+00:00,38.559000000000005,-121.878,Field-C,1830.9578857421875,1831.852294921875,0.27547096175255537,13.253566158353333,0.26426494593920824,S5P_L2_CH4____20180430T203707_20180430T222021_02830,Microsoft PC
2018-04-30T21:28:39+00:00,38.5591,-121.878,Field-D,1830.9578857421875,1830.3245849609375,0.6209275772401649,36.83806930897378,0.23972372046781695,S5P_L2_CH4____20180430T203707_20180430T222021_02830,Microsoft PC
2018-04-30T21:28:39+00:00,38.559200000000004,-121.878,Field-A,1830.9578857421875,1831.5303955078125,0.684247356105274,14.419763484821583,0.12017471864206819,S5P_L2_CH4____20180430T203707_20180430T222021_02830,Microsoft PC
2018-04-30T21:28:39+00:00,38.5593,-121.878,Field-B,1830.9578857421875,1831.428955078125,0.2718149532765006,15.615238038822698,0.3920547670709612,S5P_L2_CH4____20180430T203707_20180430T222021_02830,Microsoft PC
2018-04-30T21:28:39+00:00,38.559400000000004,-121.878,Field-C,1830.9578857421875,1830.841552734375,0.7137467416636403,22.939978571710032,0.3730864846895776,S5P_L2_CH4____20180430T203707_20180430T222021_02830,Microsoft PC
2018-04-30T21:28:39+00:00,38.5595,-121.878,Field-D,1830.9578857421875,1831.0513916015625,0.3245838444498611,23.403487448747562,0.18704061963426186,S5P_L2_CH4____20180430T203707_20180430T222021_02830,Microsoft PC
2018-04-30T21:28:39+00:00,38.5596,-121.878,Field-A,1830.9578857421875,1831.51513671875,0.5073716654109914,15.904038769497301,0.39751376167409413,S5P_L2_CH4____20180430T203707_20180430T222021_02830,Microsoft PC
2018-04-30T21:28:39+00:00,38.5597,-121.878,Field-B,1830.9578857421875,1831.026123046875,0.2101638179708109,25.47090028664421,0.15270825286465595,S5P_L2_CH4____20180430T203707_20180430T222021_02830,Microsoft PC
2018-04-30T21:28:39+00:00,38.5598,-121.878,Field-C,1830.9578857421875,1831.8533935546875,0.19452339855914003,15.710730284227594,0.26631934221489534,S5P_L2_CH4____20180430T203707_20180430T222021_02830,Microsoft PC
2018-04-30T21:28:39+00:00,38.5599,-121.878,Field-D,1830.9578857421875,1831.0179443359375,0.16866302627089938,25.60440981399911,0.21462811085141786,S5P_L2_CH4____20180430T203707_20180430T222021_02830,Microsoft PC
2018-04-30T21:28:39+00:00,38.56,-121.878,Field-A,1830.9578857421875,1829.791748046875,0.5221298932892544,39.26099438985203,0.237464966332284,S5P_L2_CH4____20180430T203707_20180430T222021_02830,Microsoft PC
2018-04-30T21:28:39+00:00,38.5601,-121.878,Field-B,1830.9578857421875,1830.3343505859375,0.5506242429499634,34.51569625732907,0.2951955099628292,S5P_L2_CH4____20180430T203707_20180430T222021_02830,Microsoft PC
2018-04-30T21:28:39+00:00,38.5602,-121.878,Field-C,1830.9578857421875,1831.638671875,0.5341934526433372,15.92182743281657,0.13571437673468942,S5P_L2_CH4____20180430T203707_20180430T222021_02830,Microsoft PC
2018-04-30T21:28:39+00:00,38.560300000000005,-121.878,Field-D,1830.9578857421875,1830.482421875,0.47728401641973506,32.69259627720815,0.32924899214357195,S5P_L2_CH4____20180430T203707_20180430T222021_02830,Microsoft PC
2018-04-30T21:28:39+00:00,38.5604,-121.878,Field-A,1830.9578857421875,1830.9034423828125,0.31450022514478904,23.354658226902362,0.297053608495809,S5P_L2_CH4____20180430T203707_20180430T222021_02830,Microsoft PC
2018-04-30T21:28:39+00:00,38.560500000000005,-121.878,Field-B,1830.9578857421875,1831.6328125,0.5889097016150211,17.517006949331222,0.16956852369748068,S5P_L2_CH4____20180430T203707_20180430T222021_02830,Microsoft PC
2018-04-30T21:28:39+00:00,38.5606,-121.878,Field-C,1830.9578857421875,1830.614501953125,0.49156251647493543,32.111581734312615,0.29547941016190415,S5P_L2_CH4____20180430T203707_20180430T222021_02830,Microsoft PC
2018-04-30T21:28:39+00:00,38.560700000000004,-121.878,Field-D,1830.9578857421875,1830.0255126953125,0.22416469968220717,36.33314824384032,0.11857732886832029,S5P_L2_CH4____20180430T203707_20180430T222021_02830,Microsoft PC
2018-04-30T21:28:39+00:00,38.5608,-121.878,Field-A,1830.9578857421875,1831.7353515625,0.3371865359282674,15.23679944549336,0.12573981564113354,S5P_L2_CH4____20180430T203707_20180430T222021_02830,Microsoft PC
2018-04-30T21:28:39+00:00,38.560900000000004,-121.878,Field-B,1830.9578857421875,1830.8201904296875,0.6231163901563088,25.069995798841102,0.34179516718214165,S5P_L2_CH4____20180430T203707_20180430T222021_02830,Microsoft PC
2018-04-30T21:28:39+00:00,38.561,-121.878,Field-C,1830.9578857421875,1830.506591796875,0.312223640136585,30.575533170546684,0.1079414433274318,S5P_L2_CH4____20180430T203707_20180430T222021_02830,Microsoft PC
2018-04-30T21:28:39+00:00,38.5611,-121.878,Field-D,1830.9578857421875,1831.41796875,0.31779621281414605,21.329343528304367,0.37607363386243853,S5P_L2_CH4____20180430T203707_20180430T222021_02830,Microsoft PC
2018-04-30T21:28:39+00:00,38.5612,-121.878,Field-A,1830.9578857421875,1830.2491455078125,0.7722839829925569,31.314635885614134,0.22832136899443334,S5P_L2_CH4____20180430T203707_20180430T222021_02830,Microsoft PC
2018-04-30T21:28:39+00:00,38.5613,-121.878,Field-B,1830.9578857421875,1830.827880859375,0.538500936501429,30.078656513846237,0.30344395360748294,S5P_L2_CH4____20180430T203707_20180430T222021_02830,Microsoft PC
2018-04-30T21:28:39+00:00,38.5614,-121.878,Field-C,1830.9578857421875,1830.906005859375,0.2678514468405749,27.791669943801597,0.3622124146808914,S5P_L2_CH4____20180430T203707_20180430T222021_02830,Microsoft PC
2018-04-30T21:28:39+00:00,38.5615,-121.878,Field-D,1830.9578857421875,1831.5159912109375,0.16166868591359745,21.3864368977654,0.28425196696513455,S5P_L2_CH4____20180430T203707_20180430T222021_02830,Microsoft PC
2018-04-30T21:28:39+00:00,38.5616,-121.878,Field-A,1830.9578857421875,1830.740234375,0.16941295871521916,32.76512200358253,0.24367604007845023,S5P_L2_CH4____20180430T203707_20180430T222021_02830,Microsoft PC
2018-04-30T21:28:39+00:00,38.5617,-121.878,Field-B,1830.9578857421875,1830.9183349609375,0.7464691693780002,28.986920753733063,0.38633253095160325,S5P_L2_CH4____20180430T203707_20180430T222021_02830,Microsoft PC
2018-04-30T21:28:39+00:00,38.561800000000005,-121.878,Field-C,1830.9578857421875,1830.53271484375,0.3199057120454031,31.831216290012375,0.37135873499102745,S5P_L2_CH4____20180430T203707_20180430T222021_02830,Microsoft PC
2018-04-30T21:28:39+00:00,38.5619,-121.878,Field-D,1830.9578857421875,1831.099853515625,0.22939445977807238,24.97749457210103,0.31784392084459445,S5P_L2_CH4____20180430T203707_20180430T222021_02830,Microsoft PC
2018-04-30T21:28:39+00:00,38.562000000000005,-121.878,Field-A,1830.9578857421875,1831.6572265625,0.2645565843473495,17.738152542678456,0.16403878184144097,S5P_L2_CH4____20180430T203707_20180430T222021_02830,Microsoft PC
2018-04-30T21:28:39+00:00,38.5621,-121.878,Field-B,1830.9578857421875,1830.1123046875,0.5335592941548916,37.2403630638787,0.29093443276749725,S5P_L2_CH4____20180430T203707_20180430T222021_02830,Microsoft PC
2018-04-30T21:28:39+00:00,38.562200000000004,-121.878,Field-C,1830.9578857421875,1831.62939453125,0.3102959908789831,17.209824580192425,0.2563532054817765,S5P_L2_CH4____20180430T203707_20180430T222021_02830,Microsoft PC
2018-04-30T21:28:39+00:00,38.5623,-121.878,Field-D,1830.9578857421875,1831.2413330078125,0.6713205992870551,20.062919696497232,0.2494584130630761,S5P_L2_CH4____20180430T203707_20180430T222021_02830,Microsoft PC
2018-04-30T21:28:39+00:00,38.562400000000004,-121.878,Field-A,1830.9578857421875,1830.7447509765625,0.6060309732975672,30.638891329597985,0.2224905952197344,S5P_L2_CH4____20180430T203707_20180430T222021_02830,Microsoft PC
2018-04-30T21:28:39+00:00,38.5625,-121.878,Field-B,1830.9578857421875,1831.5869140625,0.30035284355340813,15.432926654989458,0.34892205903279616,S5P_L2_CH4____20180430T203707_20180430T222021_02830,Microsoft PC
2018-04-30T21:28:39+00:00,38.5626,-121.878,Field-C,1830.9578857421875,1831.686767578125,0.5719201880175769,11.880688431919431,0.10511185534086093,S5P_L2_CH4____20180430T203707_20180430T222021_02830,Microsoft PC
2018-04-30T21:28:39+00:00,38.5627,-121.878,Field-D,1830.9578857421875,1830.387451171875,0.6539996194488955,34.42533781942437,0.19358337305299808,S5P_L2_CH4____20180430T203707_20180430T222021_02830,Microsoft PC
2018-04-30T21:28:39+00:00,38.5628,-121.878,Field-A,1830.9578857421875,1831.7691650390625,0.12073500197517516,12.129849437306142,0.12234778699774526,S5P_L2_CH4____20180430T203707_20180430T222021_02830,Microsoft PC
2018-04-30T21:28:39+00:00,38.5629,-121.878,Field-B,1830.9578857421875,1830.425537109375,0.32623176475758686,34.11883084197723,0.15960809838990664,S5P_L2_CH4____20180430T203707_20180430T222021_02830,Microsoft PC
2018-04-30T21:28:39+00:00,38.563,-121.878,Field-C,1830.9578857421875,1830.9163818359375,0.4086248711328584,23.807001303044874,0.1811800327963189,S5P_L2_CH4____20180430T203707_20180430T222021_02830,Microsoft PC
2018-04-30T21:28:39+00:00,38.5631,-121.878,Field-D,1830.9578857421875,1831.7576904296875,0.3187314111847653,12.27127420247069,0.2134829996893307,S5P_L2_CH4____20180430T203707_20180430T222021_02830,Microsoft PC
2018-04-30T21:28:39+00:00,38.5632,-121.878,Field-A,1830.9578857421875,1830.889404296875,0.11876888088193994,24.850533631618745,0.3374533217638575,S5P_L2_CH4____20180430T203707_20180430T222021_02830,Microsoft PC
2018-04-30T21:28:39+00:00,38.563300000000005,-121.878,Field-B,1830.9578857421875,1831.013671875,0.48237896992204754,25.23095830548015,0.14584417940861072,S5P_L2_CH4____20180430T203707_20180430T222021_02830,Microsoft PC
2018-04-30T21:28:39+00:00,38.5634,-121.878,Field-C,1830.9578857421875,1832.08203125,0.6070855995292461,10.904073675417896,0.20202978788853887,S5P_L2_CH4____20180430T203707_20180430T222021_02830,Microsoft PC
2018-04-30T21:28:39+00:00,38.563500000000005,-121.878,Field-D,1830.9578857421875,1830.2186279296875,0.3414859241372771,38.54818743425247,0.3678144943097974,S5P_L2_CH4____20180430T203707_20180430T222021_02830,Microsoft PC
2018-04-30T21:28:39+00:00,38.5636,-121.878,Field-A,1830.9578857421875,1831.0166015625,0.7661339413656562,21.938999430836112,0.3659900139765667,S5P_L2_CH4____20180430T203707_20180430T222021_02830,Microsoft PC
2018-04-30T21:28:39+00:00,38.563700000000004,-121.878,Field-B,1830.9578857421875,1831.87158203125,0.4435214932013507,10.166369382229941,0.26727717267328704,S5P_L2_CH4____20180430T203707_20180430T222021_02830,Microsoft PC
2018-04-30T21:28:39+00:00,38.5638,-121.878,Field-C,1830.9578857421875,1831.2919921875,0.4159417473113912,23.394062001304995,0.30905603791912584,S5P_L2_CH4____20180430T203707_20180430T222021_02830,Microsoft PC
2018-04-30T21:28:39+00:00,38.563900000000004,-121.878,Field-D,1830.9578857421875,1831.7738037109375,0.5615386243189531,13.212465733882816,0.3735321068242392,S5P_L2_CH4____20180430T203707_20180430T222021_02830,Microsoft PC
2018-04-30T21:28:39+00:00,38.564,-121.878,Field-A,1830.9578857421875,1831.0010986328125,0.5804311974100815,21.663565185908904,0.25223823400732925,S5P_L2_CH4____20180430T203707_20180430T222021_02830,Microsoft PC
2018-04-30T21:28:39+00:00,38.5641,-121.878,Field-B,1830.9578857421875,1831.834716796875,0.5412387631435335,10.493002330106464,0.1743482156177727,S5P_L2_CH4____20180430T203707_20180430T222021_02830,Microsoft PC
2018-04-30T21:28:39+00:00,38.5642,-121.878,Field-C,1830.9578857421875,1831.1202392578125,0.6341910950654032,19.575163581184547,0.13666533392240643,S5P_L2_CH4____20180430T203707_20180430T222021_02830,Microsoft PC
2018-04-30T21:28:39+00:00,38.5643,-121.878,Field-D,1830.9578857421875,1831.125732421875,0.19517364012041005,24.529799868950246,0.3302723677051731,S5P_L2_CH4____20180430T203707_20180430T222021_02830,Microsoft PC
2018-04-30T21:28:39+00:00,38.5644,-121.878,Field-A,1830.9578857421875,1830.9322509765625,0.41568370837896973,21.65529092164444,0.190523577700878,S5P_L2_CH4____20180430T203707_20180430T222021_02830,Microsoft PC
2018-04-30T21:28:39+00:00,38.5645,-121.878,Field-B,1830.9578857421875,1830.929931640625,0.20893726741566088,26.476155546294024,0.3510219947600375,S5P_L2_CH4____20180430T203707_20180430T222021_02830,Microsoft PC
2018-04-30T21:28:39+00:00,38.5646,-121.878,Field-C,1830.9578857421875,1830.916015625,0.5847830234024742,26.728078714889413,0.15553404111240057,S5P_L2_CH4____20180430T203707_20180430T222021_02830,Microsoft PC
2018-04-30T21:28:39+00:00,38.5647,-121.878,Field-D,1830.9578857421875,1831.361083984375,0.2731530110242275,16.49346881607529,0.24052282222557841,S5P_L2_CH4____20180430T203707_20180430T222021_02830,Microsoft PC
2018-04-30T21:28:39+00:00,38.564800000000005,-121.878,Field-A,1830.9578857421875,1830.5816650390625,0.7005549004618432,33.749536549986665,0.33066802739147383,S5P_L2_CH4____20180430T203707_20180430T222021_02830,Microsoft PC
2018-04-30T21:28:39+00:00,38.5649,-121.878,Field-B,1830.9578857421875,1831.647705078125,0.5316558452375201,15.251665508310811,0.30612143847076845,S5P_L2_CH4____20180430T203707_20180430T222021_02830,Microsoft PC
2018-04-30T21:28:39+00:00,38.565000000000005,-121.878,Field-C,1830.9578857421875,1831.1009521484375,0.3492566603883671,20.05468475162784,0.16550798207784284,S5P_L2_CH4____20180430T203707_20180430T222021_02830,Microsoft PC
2018-04-30T21:28:39+00:00,38.5651,-121.878,Field-D,1830.9578857421875,1832.02001953125,0.21701460393147118,13.032958980399712,0.3315892198931648,S5P_L2_CH4____20180430T203707_20180430T222021_02830,Microsoft PC
2018-04-30T21:28:39+00:00,38.565200000000004,-121.878,Field-A,1830.9578857421875,1830.96142578125,0.31087685754106953,23.84758935376391,0.1536791308492329,S5P_L2_CH4____20180430T203707_20180430T222021_02830,Microsoft PC
2018-04-30T21:28:39+00:00,38.5653,-121.878,Field-B,1830.9578857421875,1830.6004638671875,0.16769589035269228,31.40343324888625,0.2677482273193526,S5P_L2_CH4____20180430T203707_20180430T222021_02830,Microsoft PC
2018-04-30T21:28:39+00:00,38.565400000000004,-121.878,Field-C,1830.9578857421875,1832.01025390625,0.2063137222884842,13.45656444196408,0.32895847733460487,S5P_L2_CH4____20180430T203707_20180430T222021_02830,Microsoft PC
2018-04-30T21:28:39+00:00,38.5655,-121.878,Field-D,1830.9578857421875,1830.7977294921875,0.5665142602126884,24.722150144086957,0.20339908332480694,S5P_L2_CH4____20180430T203707_20180430T222021_02830,Microsoft PC
2018-04-30T21:28:39+00:00,38.5656,-121.878,Field-A,1830.9578857421875,1830.33056640625,0.2882049171205515,37.803420380765495,0.10009020613100043,S5P_L2_CH4____20180430T203707_20180430T222021_02830,Microsoft PC
2018-04-30T21:28:39+00:00,38.5657,-121.878,Field-B,1830.9578857421875,1831.75244140625,0.1856425427057694,12.052414342428019,0.23775256491971433,S5P_L2_CH4____20180430T203707_20180430T222021_02830,Microsoft PC
2018-04-30T21:28:39+00:00,38.5658,-121.878,Field-C,1830.9578857421875,1830.3115234375,0.5465538930905521,31.42201471402212,0.21681307271972397,S5P_L2_CH4____20180430T203707_20180430T222021_02830,Microsoft PC
2018-04-30T21:28:39+00:00,38.5659,-121.878,Field-D,1830.9578857421875,1830.671630859375,0.35691833704524945,28.933007496199373,0.39457452790591485,S5P_L2_CH4____20180430T203707_20180430T222021_02830,Microsoft PC
2018-04-30T21:28:39+00:00,38.566,-121.878,Field-A,1830.9578857421875,1831.5758056640625,0.4162299946504918,18.894972226682924,0.3115218665649735,S5P_L2_CH4____20180430T203707_20180430T222021_02830,Microsoft PC
2018-04-30T21:28:39+00:00,38.5661,-121.878,Field-B,1830.9578857421875,1830.1397705078125,0.3400911657565132,35.41087514906022,0.3016613524067706,S5P_L2_CH4____20180430T203707_20180430T222021_02830,Microsoft PC
2018-04-30T21:28:39+00:00,38.5662,-121.878,Field-C,1830.9578857421875,1831.4371337890625,0.6119428137853739,14.730973634882115,0.17079317551195963,S5P_L2_CH4____20180430T203707_20180430T222021_02830,Microsoft PC
2018-04-30T21:28:39+00:00,38.566300000000005,-121.878,Field-D,1830.9578857421875,1830.4388427734375,0.5807858090297158,32.07592215612722,0.3237091641735864,S5P_L2_CH4____20180430T203707_20180430T222021_02830,Microsoft PC
2018-04-30T21:28:39+00:00,38.5664,-121.878,Field-A,1830.9578857421875,1830.494384765625,0.6763111252015396,35.48990877066926,0.1363572512655133,S5P_L2_CH4____20180430T203707_20180430T222021_02830,Microsoft PC
2018-04-30T21:28:39+00:00,38.566500000000005,-121.878,Field-B,1830.9578857421875,1830.941162109375,0.5997826959809018,25.89003744374087,0.3682325160486202,S5P_L2_CH4____20180430T203707_20180430T222021_02830,Microsoft PC
2018-04-30T21:28:39+00:00,38.5666,-121.878,Field-C,1830.9578857421875,1830.6861572265625,0.6581591678711338,25.55170524530844,0.2693195077272365,S5P_L2_CH4____20180430T203707_20180430T222021_02830,Microsoft PC
2018-04-30T21:28:39+00:00,38.566700000000004,-121.878,Field-D,1830.9578857421875,1830.4222412109375,0.6667822242547736,31.1932849526649,0.37504221373433166,S5P_L2_CH4____20180430T203707_20180430T222021_02830,Microsoft PC
2018-04-30T21:28:39+00:00,38.5668,-121.878,Field-A,1830.9578857421875,1831.07080078125,0.2990348510523576,26.68593254426631,0.37528471575334754,S5P_L2_CH4____20180430T203707_20180430T222021_02830,Microsoft PC
2018-04-30T21:28:39+00:00,38.566900000000004,-121.878,Field-B,1830.9578857421875,1830.3729248046875,0.5477890362137313,32.32111433244285,0.14506524380586322,S5P_L2_CH4____20180430T203707_20180430T222021_02830,Microsoft PC
2018-04-30T21:28:39+00:00,38.567,-121.878,Field-C,1830.9578857421875,1831.2310791015625,0.6432460829021158,21.30148100771972,0.26457024371005156,S5P_L2_CH4____20180430T203707_20180430T222021_02830,Microsoft PC
2018-04-30T21:28:39+00:00,38.5671,-121.878,Field-D,1830.9578857421875,1830.6561279296875,0.5098306461194951,31.034225981705433,0.3660166603758509,S5P_L2_CH4____20180430T203707_20180430T222021_02830,Microsoft PC
2018-04-30T21:28:39+00:00,38.5672,-121.878,Field-A,1830.9578857421875,1830.93115234375,0.2990966155185549,24.479630555735426,0.1742456174425691,S5P_L2_CH4____20180430T203707_20180430T222021_02830,Microsoft PC
2018-04-30T21:28:39+00:00,38.5673,-121.878,Field-B,1830.9578857421875,1830.6224365234375,0.3347416947677707,29.17215641070253,0.15965766424427744,S5P_L2_CH4____20180430T203707_20180430T222021_02830,Microsoft PC
2018-04-30T21:28:39+00:00,38.5674,-121.878,Field-C,1830.9578857421875,1831.2530517578125,0.2940261575315934,23.66863875198049,0.2431622030981875,S5P_L2_CH4____20180430T203707_20180430T222021_02830,Microsoft PC
2018-04-30T21:28:39+00:00,38.5675,-121.878,Field-D,1830.9578857421875,1830.47705078125,0.7847793912587661,34.41227048471992,0.3758548478139323,S5P_L2_CH4____20180430T203707_20180430T222021_02830,Microsoft PC
2018-04-30T21:28:39+00:00,38.5676,-121.878,Field-A,1830.9578857421875,1832.041015625,0.5423089670593396,11.583678170220686,0.16486936941518926,S5P_L2_CH4____20180430T203707_20180430T222021_02830,Microsoft PC
2018-04-30T21:28:39+00:00,38.5677,-121.878,Field-B,1830.9578857421875,1830.6761474609375,0.35819548770711096,33.82646782540959,0.33241362516900275,S5P_L2_CH4____20180430T203707_20180430T222021_02830,Microsoft PC
2018-04-30T21:28:39+00:00,38.5678,-121.878,Field-C,1830.9578857421875,1831.7261962890625,0.28300771095563915,11.155788983610776,0.2746051887666385,S5P_L2_CH4____20180430T203707_20180430T222021_02830,Microsoft PC
2018-04-30T21:28:39+00:00,38.5679,-121.878,Field-D,1830.9578857421875,1830.4808349609375,0.7428790732114378,34.98198932664684,0.39572914320128316,S5P_L2_CH4____20180430T203707_20180430T222021_02830,Microsoft PC
2018-04-30T21:28:39+00:00,38.568000000000005,-121.878,Field-A,1830.9578857421875,1830.968994140625,0.5798515660599369,23.45669785444673,0.11467147403755594,S5P_L2_CH4____20180430T203707_20180430T222021_02830,Microsoft PC
2018-04-30T21:28:39+00:00,38.5681,-121.878,Field-B,1830.9578857421875,1830.2919921875,0.458302001112489,36.13560254051342,0.36585915064952546,S5P_L2_CH4____20180430T203707_20180430T222021_02830,Microsoft PC
2018-04-30T21:28:39+00:00,38.568200000000004,-121.878,Field-C,1830.9578857421875,1830.96875,0.4746532994443916,22.615819997459536,0.19780134639677957,S5P_L2_CH4____20180430T203707_20180430T222021_02830,Microsoft PC
2018-04-30T21:28:39+00:00,38.5683,-121.878,Field-D,1830.9578857421875,1829.9365234375,0.7231553488081959,39.315783677335986,0.22425464598704753,S5P_L2_CH4____20180430T203707_20180430T222021_02830,Microsoft PC
2018-04-30T21:28:39+00:00,38.568400000000004,-121.878,Field-A,1830.9578857421875,1830.33056640625,0.1192713333833313,38.82174384952978,0.13448395876581792,S5P_L2_CH4____20180430T203707_20180430T222021_02830,Microsoft PC
2018-04-30T21:28:39+00:00,38.5685,-121.878,Field-B,1830.9578857421875,1831.5054931640625,0.2162391577871856,14.51588360104709,0.2568414636400729,S5P_L2_CH4____20180430T203707_20180430T222021_02830,Microsoft PC
2018-04-30T21:28:39+00:00,38.5686,-121.878,Field-C,1830.9578857421875,1831.6168212890625,0.38691684937634774,15.367195547822469,0.26208577331141525,S5P_L2_CH4____20180430T203707_20180430T222021_02830,Microsoft PC
2018-04-30T21:28:39+00:00,38.5687,-121.878,Field-D,1830.9578857421875,1829.819580078125,0.16524948490269353,39.74943144894377,0.18341369614414738,S5P_L2_CH4____20180430T203707_20180430T222021_02830,Microsoft PC
2018-04-30T21:28:39+00:00,38.5688,-121.878,Field-A,1830.9578857421875,1830.417236328125,0.10466483172422186,31.643113501075693,0.10178812857206349,S5P_L2_CH4____20180430T203707_20180430T222021_02830,Microsoft PC
2018-04-30T21:28:39+00:00,38.5689,-121.878,Field-B,1830.9578857421875,1830.8623046875,0.4981160335859165,28.910134514311924,0.3321265603091973,S5P_L2_CH4____20180430T203707_20180430T222021_02830,Microsoft PC
2018-04-30T21:28:39+00:00,38.569,-121.878,Field-C,1830.9578857421875,1831.608642578125,0.4825694128740837,12.993817432460183,0.14488317983910695,S5P_L2_CH4____20180430T203707_20180430T222021_02830,Microsoft PC
2018-04-30T21:28:39+00:00,38.5691,-121.878,Field-D,1830.9578857421875,1831.3134765625,0.47776902454040227,23.553961792186932,0.25343792626145356,S5P_L2_CH4____20180430T203707_20180430T222021_02830,Microsoft PC
2018-04-30T21:28:39+00:00,38.5692,-121.878,Field-A,1830.9578857421875,1830.352783203125,0.6096878191785914,31.109656286484434,0.36977177659852456,S5P_L2_CH4____20180430T203707_20180430T222021_02830,Microsoft PC
2018-04-30T21:28:39+00:00,38.5693,-121.878,Field-B,1830.9578857421875,1831.1644287109375,0.5071641418031919,26.231113564031155,0.3716561018111315,S5P_L2_CH4____20180430T203707_20180430T222021_02830,Microsoft PC
2018-04-30T21:28:39+00:00,38.5694,-121.878,Field-C,1830.9578857421875,1830.7864990234375,0.6970316717307667,25.035822588560023,0.1450070358707389,S5P_L2_CH4____20180430T203707_20180430T222021_02830,Microsoft PC
2018-04-30T21:28:39+00:00,38.569500000000005,-121.878,Field-D,1830.9578857421875,1829.9779052734375,0.4139136690987808,36.11048392757102,0.14528567456273933,S5P_L2_CH4____20180430T203707_20180430T222021_02830,Microsoft PC
2018-04-30T21:28:39+00:00,38.5696,-121.878,Field-A,1830.9578857421875,1830.2879638671875,0.7131157959519199,39.205642152286686,0.274627008664444,S5P_L2_CH4____20180430T203707_20180430T222021_02830,Microsoft PC
2018-04-30T21:28:39+00:00,38.569700000000005,-121.878,Field-B,1830.9578857421875,1831.8480224609375,0.43298307889333154,10.032345693531934,0.28995263997113935,S5P_L2_CH4____20180430T203707_20180430T222021_02830,Microsoft PC
2018-04-30T21:28:39+00:00,38.5698,-121.878,Field-C,1830.9578857421875,1831.4691162109375,0.33732033545767326,18.306199810940058,0.26626887845216696,S5P_L2_CH4____20180430T203707_20180430T222021_02830,Microsoft PC
2018-04-30T21:28:39+00:00,38.569900000000004,-121.878,Field-D,1830.9578857421875,1830.281982421875,0.7197599878807269,31.100104484239477,0.27915357433936694,S5P_L2_CH4____20180430T203707_20180430T222021_02830,Microsoft PC
2018-04-30T21:28:39+00:00,38.57,-121.878,Field-A,1830.9578857421875,1831.3538818359375,0.7719404461735219,19.041630705597296,0.23756610992847843,S5P_L2_CH4____20180430T203707_20180430T222021_02830,Microsoft PC
2018-04-30T21:28:39+00:00,38.570100000000004,-121.878,Field-B,1830.9578857421875,1830.2235107421875,0.27245574844960985,39.86880741177256,0.29324025071447724,S5P_L2_CH4____20180430T203707_20180430T222021_02830,Microsoft PC
2018-04-30T21:28:39+00:00,38.5702,-121.878,Field-C,1830.9578857421875,1831.2879638671875,0.6062152308626763,16.432025969721217,0.32582498780285885,S5P_L2_CH4____20180430T203707_20180430T222021_02830,Microsoft PC
2018-04-30T21:28:39+00:00,38.5703,-121.878,Field-D,1830.9578857421875,1830.910400390625,0.11750556848955501,25.653530448974735,0.17501445425437745,S5P_L2_CH4____20180430T203707_20180430T222021_02830,Microsoft PC
2018-04-30T21:28:39+00:00,38.5704,-121.878,Field-A,1830.9578857421875,1831.25927734375,0.4689992372526681,19.858315951741048,0.2609914367314291,S5P_L2_CH4____20180430T203707_20180430T222021_02830,Microsoft PC
2018-04-30T21:28:39+00:00,38.5705,-121.878,Field-B,1830.9578857421875,1830.9764404296875,0.7886167316524582,23.85645554288616,0.12691763440457612,S5P_L2_CH4____20180430T203707_20180430T222021_02830,Microsoft PC
2018-04-30T21:28:39+00:00,38.5706,-121.878,Field-C,1830.9578857421875,1829.8902587890625,0.7145659998830906,36.960002713823066,0.17524406359106753,S5P_L2_CH4____20180430T203707_20180430T222021_02830,Microsoft PC
2018-04-30T21:28:39+00:00,38.5707,-121.878,Field-D,1830.9578857421875,1831.46337890625,0.30395355242064,17.811855353943866,0.20303219805732078,S5P_L2_CH4____20180430T203707_20180430T222021_02830,Microsoft PC
2018-04-30T21:28:39+00:00,38.5708,-121.878,Field-A,1830.9578857421875,1830.746337890625,0.1520904793408207,33.09691718023124,0.22110754310014594,S5P_L2_CH4____20180430T203707_20180430T222021_02830,Microsoft PC
2018-04-30T21:28:39+00:00,38.5709,-121.878,Field-B,1830.9578857421875,1830.0382080078125,0.40952867395953474,37.023694475195,0.22367616438823912,S5P_L2_CH4____20180430T203707_20180430T222021_02830,Microsoft PC
2018-04-30T21:28:39+00:00,38.571000000000005,-121.878,Field-C,1830.9578857421875,1830.05615234375,0.2464614771749488,38.98825034226693,0.26697943508591937,S5P_L2_CH4____20180430T203707_20180430T222021_02830,Microsoft PC
2018-04-30T21:28:39+00:00,38.5711,-121.878,Field-D,1830.9578857421875,1831.47802734375,0.310913971618749,16.902097004427723,0.10908086815115367,S5P_L2_CH4____20180430T203707_20180430T222021_02830,Microsoft PC
2018-04-30T21:28:39+00:00,38.571200000000005,-121.878,Field-A,1830.9578857421875,1830.0609130859375,0.16963117109288037,39.13283463394474,0.16465266638752143,S5P_L2_CH4____20180430T203707_20180430T222021_02830,Microsoft PC
2018-04-30T21:28:39+00:00,38.5713,-121.878,Field-B,1830.9578857421875,1830.3863525390625,0.3172048804235023,37.158312491599474,0.3620871883602158,S5P_L2_CH4____20180430T203707_20180430T222021_02830,Microsoft PC
2018-04-30T21:28:39+00:00,38.571400000000004,-121.878,Field-C,1830.9578857421875,1829.8970947265625,0.484264126137954,38.27195901930513,0.14140538991648016,S5P_L2_CH4____20180430T203707_20180430T222021_02830,Microsoft PC
2018-04-30T21:28:39+00:00,38.5715,-121.878,Field-D,1830.9578857421875,1829.9161376953125,0.6337867793080921,39.09814854506426,0.24132675781795754,S5P_L2_CH4____20180430T203707_20180430T222021_02830,Microsoft PC
2018-04-30T21:28:39+00:00,38.571600000000004,-121.878,Field-A,1830.9578857421875,1831.01513671875,0.6187083331601082,28.036339226811954,0.1721948462014071,S5P_L2_CH4____20180430T203707_20180430T222021_02830,Microsoft PC
2018-04-30T21:28:39+00:00,38.5717,-121.878,Field-B,1830.9578857421875,1832.1507568359375,0.5378319471149119,10.76945857538534,0.29380425481661937,S5P_L2_CH4____20180430T203707_20180430T222021_02830,Microsoft PC
2018-04-30T21:28:39+00:00,38.5718,-121.878,Field-C,1830.9578857421875,1831.1053466796875,0.6093407580600868,19.132933263683388,0.2867662887625303,S5P_L2_CH4____20180430T203707_20180430T222021_02830,Microsoft PC
2018-04-30T21:28:39+00:00,38.5719,-121.878,Field-D,1830.9578857421875,1830.976806640625,0.39524676215329313,21.551560922953307,0.21795565774002587,S5P_L2_CH4____20180430T203707_20180430T222021_02830,Microsoft PC
2018-04-30T21:28:39+00:00,38.572,-121.878,Field-A,1830.9578857421875,1830.552734375,0.6046550609974541,28.784539918647962,0.11839208071371797,S5P_L2_CH4____20180430T203707_20180430T222021_02830,Microsoft PC
2018-04-30T21:28:39+00:00,38.5721,-121.878,Field-B,1830.9578857421875,1830.7076416015625,0.15663818050875844,30.20241833436373,0.23561984087692933,S5P_L2_CH4____20180430T203707_20180430T222021_02830,Microsoft PC
2018-04-30T21:28:39+00:00,38.5722,-121.878,Field-C,1830.9578857421875,1830.2794189453125,0.5762502448801058,33.58236609299156,0.3565335830024391,S5P_L2_CH4____20180430T203707_20180430T222021_02830,Microsoft PC
2018-04-30T21:28:39+00:00,38.5723,-121.878,Field-D,1830.9578857421875,1830.426513671875,0.6834325806545412,32.51205908586682,0.26061305105729554,S5P_L2_CH4____20180430T203707_20180430T222021_02830,Microsoft PC
2018-04-30T21:28:39+00:00,38.5724,-121.878,Field-A,1830.9578857421875,1830.8450927734375,0.15274477674756068,26.809810082698082,0.3592102232153541,S5P_L2_CH4____20180430T203707_20180430T222021_02830,Microsoft PC
2018-04-30T21:28:39+00:00,38.572500000000005,-121.878,Field-B,1830.9578857421875,1831.3582763671875,0.28112821865565163,16.996837689324686,0.2397850322480398,S5P_L2_CH4____20180430T203707_20180430T222021_02830,Microsoft PC
2018-04-30T21:28:39+00:00,38.5726,-121.878,Field-C,1830.9578857421875,1831.4207763671875,0.49200290042610983,17.325339519625878,0.291456389027307,S5P_L2_CH4____20180430T203707_20180430T222021_02830,Microsoft PC
2018-04-30T21:28:39+00:00,38.572700000000005,-121.878,Field-D,1830.9578857421875,1830.37109375,0.43552263651036605,35.977625916179804,0.13733815067139493,S5P_L2_CH4____20180430T203707_20180430T222021_02830,Microsoft PC
2018-04-30T21:28:39+00:00,38.5728,-121.878,Field-A,1830.9578857421875,1830.131103515625,0.24036433810408803,35.99654268662702,0.24157476061236735,S5P_L2_CH4____20180430T203707_20180430T222021_02830,Microsoft PC
2018-04-30T21:28:39+00:00,38.572900000000004,-121.878,Field-B,1830.9578857421875,1831.4573974609375,0.4599307890589025,19.441468991063054,0.26926899963769035,S5P_L2_CH4____20180430T203707_20180430T222021_02830,Microsoft PC
2018-04-30T21:28:39+00:00,38.573,-121.878,Field-C,1830.9578857421875,1831.2255859375,0.1659083344844887,22.313437307074473,0.2874478071490667,S5P_L2_CH4____20180430T203707_20180430T222021_02830,Microsoft PC
2018-04-30T21:28:39+00:00,38.573100000000004,-121.878,Field-D,1830.9578857421875,1830.8983154296875,0.24814205700878655,24.252682872263257,0.37155138230642926,S5P_L2_CH4____20180430T203707_20180430T222021_02830,Microsoft PC
2018-04-30T21:28:39+00:00,38.5732,-121.878,Field-A,1830.9578857421875,1830.920654296875,0.2017312574209313,29.4584701894824,0.11524773487652187,S5P_L2_CH4____20180430T203707_20180430T222021_02830,Microsoft PC
2018-04-30T21:28:39+00:00,38.5733,-121.878,Field-B,1830.9578857421875,1830.9639892578125,0.15430221497545704,27.65493285128609,0.13464237551547495,S5P_L2_CH4____20180430T203707_20180430T222021_02830,Microsoft PC
2018-04-30T21:28:39+00:00,38.5734,-121.878,Field-C,1830.9578857421875,1830.4656982421875,0.13897445248661128,30.777634922273734,0.3740298099594138,S5P_L2_CH4____20180430T203707_20180430T222021_02830,Microsoft PC
2018-04-30T21:28:39+00:00,38.5735,-121.878,Field-D,1830.9578857421875,1830.0899658203125,0.1502102810249091,35.17971404224031,0.16955124922412956,S5P_L2_CH4____20180430T203707_20180430T222021_02830,Microsoft PC
